-- phpMyAdmin SQL Dump
-- version 4.7.4
-- https://www.phpmyadmin.net/
--
-- Host: 127.0.0.1
-- Generation Time: 18-Ago-2018 às 22:57
-- Versão do servidor: 10.1.30-MariaDB
-- PHP Version: 7.2.1

SET SQL_MODE = "NO_AUTO_VALUE_ON_ZERO";
SET AUTOCOMMIT = 0;
START TRANSACTION;
SET time_zone = "+00:00";


/*!40101 SET @OLD_CHARACTER_SET_CLIENT=@@CHARACTER_SET_CLIENT */;
/*!40101 SET @OLD_CHARACTER_SET_RESULTS=@@CHARACTER_SET_RESULTS */;
/*!40101 SET @OLD_COLLATION_CONNECTION=@@COLLATION_CONNECTION */;
/*!40101 SET NAMES utf8mb4 */;

--
-- Database: `unespservice_key`
--

-- --------------------------------------------------------

--
-- Estrutura da tabela `chave`
--

CREATE TABLE `chave` (
  `id_chave` varchar(50) NOT NULL COMMENT 'Exemplo: 55B'
) ENGINE=InnoDB DEFAULT CHARSET=latin1;

--
-- Extraindo dados da tabela `chave`
--

INSERT INTO `chave` (`id_chave`) VALUES
('1'),
('55B'),
('55C'),
('63'),
('64');

-- --------------------------------------------------------

--
-- Estrutura da tabela `ci_sessions`
--

CREATE TABLE `ci_sessions` (
  `id` varchar(128) NOT NULL,
  `ip_address` varchar(45) NOT NULL,
  `timestamp` int(10) UNSIGNED NOT NULL DEFAULT '0',
  `data` blob NOT NULL
) ENGINE=InnoDB DEFAULT CHARSET=latin1;

--
-- Extraindo dados da tabela `ci_sessions`
--

INSERT INTO `ci_sessions` (`id`, `ip_address`, `timestamp`, `data`) VALUES
('fjsouo5tnusgutrhnqepq1efu1582te9', '::1', 1534533655, 0x5f5f63695f6c6173745f726567656e65726174657c693a313533343533333635353b7573756172696f7c613a353a7b733a31303a226c6f67696e5f75736572223b733a363a226461726c616e223b733a31333a2270617373776f72645f75736572223b733a33323a223830373731643861303337393932376162386539333032343765333563626130223b733a373a2269645f75736572223b733a313a2231223b733a31353a226c6173745f6c6f67696e5f75736572223b733a31393a22323031382d30382d31372031353a35383a3334223b733a363a22616374697665223b733a313a2230223b7d),
('hmcnbavtav70u7is1bgrtn9f8pit29sj', '::1', 1534534743, 0x5f5f63695f6c6173745f726567656e65726174657c693a313533343533343734333b7573756172696f7c613a353a7b733a31303a226c6f67696e5f75736572223b733a363a226461726c616e223b733a31333a2270617373776f72645f75736572223b733a33323a223830373731643861303337393932376162386539333032343765333563626130223b733a373a2269645f75736572223b733a313a2231223b733a31353a226c6173745f6c6f67696e5f75736572223b733a31393a22323031382d30382d31372031353a35383a3334223b733a363a22616374697665223b733a313a2230223b7d),
('t0bdqscf91i0v1c9jqc7nrgnkca53sa6', '::1', 1534535083, 0x5f5f63695f6c6173745f726567656e65726174657c693a313533343533353038333b7573756172696f7c613a353a7b733a31303a226c6f67696e5f75736572223b733a363a226461726c616e223b733a31333a2270617373776f72645f75736572223b733a33323a223830373731643861303337393932376162386539333032343765333563626130223b733a373a2269645f75736572223b733a313a2231223b733a31353a226c6173745f6c6f67696e5f75736572223b733a31393a22323031382d30382d31372031353a35383a3334223b733a363a22616374697665223b733a313a2230223b7d),
('rf978kiobkauat8c2v7k2cdp7sqiknjo', '::1', 1534535385, 0x5f5f63695f6c6173745f726567656e65726174657c693a313533343533353338353b7573756172696f7c613a353a7b733a31303a226c6f67696e5f75736572223b733a363a226461726c616e223b733a31333a2270617373776f72645f75736572223b733a33323a223830373731643861303337393932376162386539333032343765333563626130223b733a373a2269645f75736572223b733a313a2231223b733a31353a226c6173745f6c6f67696e5f75736572223b733a31393a22323031382d30382d31372031353a35383a3334223b733a363a22616374697665223b733a313a2230223b7d6d656e736167656d7c733a32393a22436861766520656d707265737461646120636f6d207375636573736f21223b5f5f63695f766172737c613a313a7b733a383a226d656e736167656d223b733a333a226e6577223b7d),
('uni5ermrt2mc6sjds8eiqjgp19k4qhog', '::1', 1534535242, 0x5f5f63695f6c6173745f726567656e65726174657c693a313533343533353234323b),
('6aos0tbo50chatikic401fach7dr3r97', '::1', 1534535349, 0x5f5f63695f6c6173745f726567656e65726174657c693a313533343533353334393b6572726f7c733a32393a224c6f67696e20652f6f752073656e686120696e76c3a16c69646f287329223b5f5f63695f766172737c613a313a7b733a343a226572726f223b733a333a226f6c64223b7d),
('29evhr75e73lva0r9kb27jg2v52ekq8u', '::1', 1534535372, 0x5f5f63695f6c6173745f726567656e65726174657c693a313533343533353337323b6572726f7c733a32393a224c6f67696e20652f6f752073656e686120696e76c3a16c69646f287329223b5f5f63695f766172737c613a313a7b733a343a226572726f223b733a333a226f6c64223b7d),
('7g6spntvv6fpcu17t01tmokk3f3ht61r', '::1', 1534535749, 0x5f5f63695f6c6173745f726567656e65726174657c693a313533343533353734393b7573756172696f7c613a353a7b733a31303a226c6f67696e5f75736572223b733a363a226461726c616e223b733a31333a2270617373776f72645f75736572223b733a33323a223830373731643861303337393932376162386539333032343765333563626130223b733a373a2269645f75736572223b733a313a2231223b733a31353a226c6173745f6c6f67696e5f75736572223b733a31393a22323031382d30382d31372031353a35383a3334223b733a363a22616374697665223b733a313a2230223b7d),
('ksja2df47earla8nrs4veqn61lp9e4he', '::1', 1534535485, 0x5f5f63695f6c6173745f726567656e65726174657c693a313533343533353438353b6572726f7c733a32393a224c6f67696e20652f6f752073656e686120696e76c3a16c69646f287329223b5f5f63695f766172737c613a313a7b733a343a226572726f223b733a333a226f6c64223b7d),
('litc10vt3fuh0eauta45jhb7gq7e6ilo', '::1', 1534535529, 0x5f5f63695f6c6173745f726567656e65726174657c693a313533343533353532383b),
('a7qp7nb7jsnejkvblv3tmhh7l2tmpmfr', '::1', 1534535547, 0x5f5f63695f6c6173745f726567656e65726174657c693a313533343533353534373b),
('ahpje9npoh065v34d25mop0vafuj5nkb', '::1', 1534535567, 0x5f5f63695f6c6173745f726567656e65726174657c693a313533343533353536373b6572726f7c733a32393a224c6f67696e20652f6f752073656e686120696e76c3a16c69646f287329223b5f5f63695f766172737c613a313a7b733a343a226572726f223b733a333a226f6c64223b7d),
('fdsih73u7vikgeioru6357m5oo55em9g', '::1', 1534535570, 0x5f5f63695f6c6173745f726567656e65726174657c693a313533343533353537303b6572726f7c733a32393a224c6f67696e20652f6f752073656e686120696e76c3a16c69646f287329223b5f5f63695f766172737c613a313a7b733a343a226572726f223b733a333a226f6c64223b7d),
('omnmrlhkgvnj8taqj529ka0lecau83g8', '::1', 1534535592, 0x5f5f63695f6c6173745f726567656e65726174657c693a313533343533353539313b6572726f7c733a32393a224c6f67696e20652f6f752073656e686120696e76c3a16c69646f287329223b5f5f63695f766172737c613a313a7b733a343a226572726f223b733a333a226f6c64223b7d),
('380sb54lar4os3mia4tvi1llou7p1264', '::1', 1534535606, 0x5f5f63695f6c6173745f726567656e65726174657c693a313533343533353630363b6572726f7c733a32393a224c6f67696e20652f6f752073656e686120696e76c3a16c69646f287329223b5f5f63695f766172737c613a313a7b733a343a226572726f223b733a333a226f6c64223b7d),
('j645t3d608o97o0vt8lgae5v9jegqibm', '::1', 1534536055, 0x5f5f63695f6c6173745f726567656e65726174657c693a313533343533363035353b7573756172696f7c613a353a7b733a31303a226c6f67696e5f75736572223b733a363a226461726c616e223b733a31333a2270617373776f72645f75736572223b733a33323a223830373731643861303337393932376162386539333032343765333563626130223b733a373a2269645f75736572223b733a313a2231223b733a31353a226c6173745f6c6f67696e5f75736572223b733a31393a22323031382d30382d31372031353a35383a3334223b733a363a22616374697665223b733a313a2230223b7d6d656e736167656d7c733a32393a22436861766520656d707265737461646120636f6d207375636573736f21223b5f5f63695f766172737c613a313a7b733a383a226d656e736167656d223b733a333a226e6577223b7d),
('i8ake3bk7bg1g40e6615al80mkpcop0b', '::1', 1534536360, 0x5f5f63695f6c6173745f726567656e65726174657c693a313533343533363336303b7573756172696f7c613a353a7b733a31303a226c6f67696e5f75736572223b733a363a226461726c616e223b733a31333a2270617373776f72645f75736572223b733a33323a223830373731643861303337393932376162386539333032343765333563626130223b733a373a2269645f75736572223b733a313a2231223b733a31353a226c6173745f6c6f67696e5f75736572223b733a31393a22323031382d30382d31372031353a35383a3334223b733a363a22616374697665223b733a313a2230223b7d6d656e736167656d7c733a32393a22436861766520656d707265737461646120636f6d207375636573736f21223b5f5f63695f766172737c613a313a7b733a383a226d656e736167656d223b733a333a226f6c64223b7d),
('uh7qp0s62nv2dlv655jpjbk2pr1u4r6c', '::1', 1534536912, 0x5f5f63695f6c6173745f726567656e65726174657c693a313533343533363931323b7573756172696f7c613a353a7b733a31303a226c6f67696e5f75736572223b733a363a226461726c616e223b733a31333a2270617373776f72645f75736572223b733a33323a223830373731643861303337393932376162386539333032343765333563626130223b733a373a2269645f75736572223b733a313a2231223b733a31353a226c6173745f6c6f67696e5f75736572223b733a31393a22323031382d30382d31372031353a35383a3334223b733a363a22616374697665223b733a313a2230223b7d),
('oh7vp689ps0q0893q8dsvbmd74so6ic7', '::1', 1534537225, 0x5f5f63695f6c6173745f726567656e65726174657c693a313533343533373232353b7573756172696f7c613a353a7b733a31303a226c6f67696e5f75736572223b733a363a226461726c616e223b733a31333a2270617373776f72645f75736572223b733a33323a223830373731643861303337393932376162386539333032343765333563626130223b733a373a2269645f75736572223b733a313a2231223b733a31353a226c6173745f6c6f67696e5f75736572223b733a31393a22323031382d30382d31372031353a35383a3334223b733a363a22616374697665223b733a313a2230223b7d),
('av78v1a660q4p88hg3bsdgrv4d6u59hg', '::1', 1534537564, 0x5f5f63695f6c6173745f726567656e65726174657c693a313533343533373536343b7573756172696f7c613a353a7b733a31303a226c6f67696e5f75736572223b733a363a226461726c616e223b733a31333a2270617373776f72645f75736572223b733a33323a223830373731643861303337393932376162386539333032343765333563626130223b733a373a2269645f75736572223b733a313a2231223b733a31353a226c6173745f6c6f67696e5f75736572223b733a31393a22323031382d30382d31372031353a35383a3334223b733a363a22616374697665223b733a313a2230223b7d),
('l1pmlqb6itnlfg0ell96l4sustohuuup', '::1', 1534538105, 0x5f5f63695f6c6173745f726567656e65726174657c693a313533343533383130353b7573756172696f7c613a353a7b733a31303a226c6f67696e5f75736572223b733a363a226461726c616e223b733a31333a2270617373776f72645f75736572223b733a33323a223830373731643861303337393932376162386539333032343765333563626130223b733a373a2269645f75736572223b733a313a2231223b733a31353a226c6173745f6c6f67696e5f75736572223b733a31393a22323031382d30382d31372031353a35383a3334223b733a363a22616374697665223b733a313a2230223b7d),
('aisntrde1cae7cik4vuvmclclbcsvgdv', '::1', 1534538417, 0x5f5f63695f6c6173745f726567656e65726174657c693a313533343533383431373b7573756172696f7c613a353a7b733a31303a226c6f67696e5f75736572223b733a363a226461726c616e223b733a31333a2270617373776f72645f75736572223b733a33323a223830373731643861303337393932376162386539333032343765333563626130223b733a373a2269645f75736572223b733a313a2231223b733a31353a226c6173745f6c6f67696e5f75736572223b733a31393a22323031382d30382d31372031353a35383a3334223b733a363a22616374697665223b733a313a2230223b7d),
('botks3li05im76if6404eu9vsn3bllv5', '::1', 1534538869, 0x5f5f63695f6c6173745f726567656e65726174657c693a313533343533383836393b7573756172696f7c613a353a7b733a31303a226c6f67696e5f75736572223b733a363a226461726c616e223b733a31333a2270617373776f72645f75736572223b733a33323a223830373731643861303337393932376162386539333032343765333563626130223b733a373a2269645f75736572223b733a313a2231223b733a31353a226c6173745f6c6f67696e5f75736572223b733a31393a22323031382d30382d31372031353a35383a3334223b733a363a22616374697665223b733a313a2230223b7d),
('12m73hvrvjjn218snkj1odco8in7tq2v', '::1', 1534539279, 0x5f5f63695f6c6173745f726567656e65726174657c693a313533343533393237393b7573756172696f7c613a353a7b733a31303a226c6f67696e5f75736572223b733a363a226461726c616e223b733a31333a2270617373776f72645f75736572223b733a33323a223830373731643861303337393932376162386539333032343765333563626130223b733a373a2269645f75736572223b733a313a2231223b733a31353a226c6173745f6c6f67696e5f75736572223b733a31393a22323031382d30382d31372031353a35383a3334223b733a363a22616374697665223b733a313a2230223b7d),
('9ttokil5f05h8bslq6t1dsr2lq4nt6lm', '::1', 1534538927, 0x5f5f63695f6c6173745f726567656e65726174657c693a313533343533383932363b6572726f7c733a32393a224c6f67696e20652f6f752073656e686120696e76c3a16c69646f287329223b5f5f63695f766172737c613a313a7b733a343a226572726f223b733a333a226f6c64223b7d),
('56i9vechr4v5u7ipds9985brptep2q5b', '::1', 1534538977, 0x5f5f63695f6c6173745f726567656e65726174657c693a313533343533383937373b),
('uk3crniop5foo397g3dr85p8hcpt0jcv', '::1', 1534539003, 0x5f5f63695f6c6173745f726567656e65726174657c693a313533343533393030333b),
('r5rjr8gp5tvr173vvk513d1ih5hs1eei', '::1', 1534539602, 0x5f5f63695f6c6173745f726567656e65726174657c693a313533343533393630323b7573756172696f7c613a353a7b733a31303a226c6f67696e5f75736572223b733a363a226461726c616e223b733a31333a2270617373776f72645f75736572223b733a33323a223830373731643861303337393932376162386539333032343765333563626130223b733a373a2269645f75736572223b733a313a2231223b733a31353a226c6173745f6c6f67696e5f75736572223b733a31393a22323031382d30382d31372031353a35383a3334223b733a363a22616374697665223b733a313a2230223b7d),
('o19gqpsmgllmrt8io2iffgr84i2p1ms2', '::1', 1534539663, 0x5f5f63695f6c6173745f726567656e65726174657c693a313533343533393630323b7573756172696f7c613a353a7b733a31303a226c6f67696e5f75736572223b733a363a226461726c616e223b733a31333a2270617373776f72645f75736572223b733a33323a223830373731643861303337393932376162386539333032343765333563626130223b733a373a2269645f75736572223b733a313a2231223b733a31353a226c6173745f6c6f67696e5f75736572223b733a31393a22323031382d30382d31372031353a35383a3334223b733a363a22616374697665223b733a313a2230223b7d),
('ogt1gvq5646719rf4usgt39oagensmm9', '::1', 1534622202, 0x5f5f63695f6c6173745f726567656e65726174657c693a313533343632323230323b),
('fdsh9hmq2shtkd7t3902m1tdpvc3vevr', '::1', 1534622292, 0x5f5f63695f6c6173745f726567656e65726174657c693a313533343632323230363b7573756172696f7c613a353a7b733a31303a226c6f67696e5f75736572223b733a363a226461726c616e223b733a31333a2270617373776f72645f75736572223b733a33323a223830373731643861303337393932376162386539333032343765333563626130223b733a373a2269645f75736572223b733a313a2231223b733a31353a226c6173745f6c6f67696e5f75736572223b733a31393a22323031382d30382d31372031353a35383a3334223b733a363a22616374697665223b733a313a2230223b7d),
('33d32ht4dvh0267bflavdu0meei5jler', '::1', 1534622358, 0x5f5f63695f6c6173745f726567656e65726174657c693a313533343632323335383b6572726f7c733a32393a224c6f67696e20652f6f752073656e686120696e76c3a16c69646f287329223b5f5f63695f766172737c613a313a7b733a343a226572726f223b733a333a226f6c64223b7d),
('1n9upo9kkm9nlkk814d43219r6kssouk', '::1', 1534622389, 0x5f5f63695f6c6173745f726567656e65726174657c693a313533343632323338393b),
('6op731531luqq1tm08644ng8sbib6vr2', '::1', 1534622401, 0x5f5f63695f6c6173745f726567656e65726174657c693a313533343632323430313b),
('v0r2vs46but2mrmrnon236bi2celpork', '::1', 1534622425, 0x5f5f63695f6c6173745f726567656e65726174657c693a313533343632323432353b),
('md871tkmla7l18g742imjo52j8fdqtcd', '::1', 1534622430, 0x5f5f63695f6c6173745f726567656e65726174657c693a313533343632323433303b),
('cmm11himv1686grgprc5s939tqtdrad0', '::1', 1534622443, 0x5f5f63695f6c6173745f726567656e65726174657c693a313533343632323434333b),
('mdvllif7vn4ejs5pbdthtnqjgcl5cnl1', '::1', 1534622467, 0x5f5f63695f6c6173745f726567656e65726174657c693a313533343632323436373b),
('dbpjdahjr6l9p25hlm40hrbaab60j5j0', '::1', 1534622472, 0x5f5f63695f6c6173745f726567656e65726174657c693a313533343632323437323b),
('1c5g82vbcif1fnrsdoauhnaf3e1dcia8', '::1', 1534622490, 0x5f5f63695f6c6173745f726567656e65726174657c693a313533343632323439303b),
('k73mpgbedb447mufj67h29bbcqr1fdjj', '::1', 1534622523, 0x5f5f63695f6c6173745f726567656e65726174657c693a313533343632323532333b),
('56oa8l704r7g2dlda4cjoa43enbc485q', '::1', 1534622582, 0x5f5f63695f6c6173745f726567656e65726174657c693a313533343632323538323b),
('5ereh8fjsq16s8og43dislp1fo3pgdk0', '::1', 1534622583, 0x5f5f63695f6c6173745f726567656e65726174657c693a313533343632323538333b),
('32oaj5ssovvej8m0ku3svbjotscjd6ko', '::1', 1534622627, 0x5f5f63695f6c6173745f726567656e65726174657c693a313533343632323632373b),
('ho1bific8v6nv4s70p7jgnfre471rq9g', '::1', 1534622628, 0x5f5f63695f6c6173745f726567656e65726174657c693a313533343632323632383b),
('r62kv47fsriul98d93u0hs811g1nnjpn', '::1', 1534622670, 0x5f5f63695f6c6173745f726567656e65726174657c693a313533343632323637303b),
('6qv2nrft1f3ral7bo044jfr6mf7lesbs', '::1', 1534622682, 0x5f5f63695f6c6173745f726567656e65726174657c693a313533343632323638323b),
('m9ritf64o2gepuq6h0h31fg3gjrkbsba', '::1', 1534622702, 0x5f5f63695f6c6173745f726567656e65726174657c693a313533343632323730323b),
('kafurhkh36mfqd7n0t459bh3abaelpaq', '::1', 1534622717, 0x5f5f63695f6c6173745f726567656e65726174657c693a313533343632323731373b),
('7q5ku81f8aqvnmhrbve060it7lcb5rp6', '::1', 1534622738, 0x5f5f63695f6c6173745f726567656e65726174657c693a313533343632323733383b),
('87fbifqujbf9h30mpn602e21eakm21lg', '::1', 1534622753, 0x5f5f63695f6c6173745f726567656e65726174657c693a313533343632323735333b),
('or3imieag4lpj6hh1s0hfmdmrunkm9jg', '::1', 1534622807, 0x5f5f63695f6c6173745f726567656e65726174657c693a313533343632323830373b),
('f23bf1s3rieraqp3g0h6quh2fc2c3jgi', '::1', 1534622822, 0x5f5f63695f6c6173745f726567656e65726174657c693a313533343632323832323b),
('5e8j0320n3b5q38honjqfpe4cvon0o60', '::1', 1534622884, 0x5f5f63695f6c6173745f726567656e65726174657c693a313533343632323838343b),
('2bcumfn9jh5qaqus5hepbqi4iso9p9tc', '::1', 1534622899, 0x5f5f63695f6c6173745f726567656e65726174657c693a313533343632323839393b),
('m26m0s3h39f022teji2tag00ld3scv53', '::1', 1534622900, 0x5f5f63695f6c6173745f726567656e65726174657c693a313533343632323930303b),
('00f9v0khbdtvbk8g2hig2h5ab0qrhr6h', '::1', 1534622901, 0x5f5f63695f6c6173745f726567656e65726174657c693a313533343632323930313b),
('3ub4us47ortuaakqj36pjeqbp7ct207j', '::1', 1534622920, 0x5f5f63695f6c6173745f726567656e65726174657c693a313533343632323932303b),
('8gmd7ski1dsu8s9qhfcomc77m5cdk76k', '::1', 1534622978, 0x5f5f63695f6c6173745f726567656e65726174657c693a313533343632323937383b),
('ep905aipu950olv1q6m5ltuqehprkocd', '::1', 1534622986, 0x5f5f63695f6c6173745f726567656e65726174657c693a313533343632323938363b),
('p5c25vvr2tnealpvsvo32qr65akbqigk', '::1', 1534624558, 0x5f5f63695f6c6173745f726567656e65726174657c693a313533343632343535383b),
('rl31u71crru0ka5fo5dftkr657t5eq53', '::1', 1534624569, 0x5f5f63695f6c6173745f726567656e65726174657c693a313533343632343536393b),
('ab77vk5cnqc2dhspes7373tsc9kdt9le', '::1', 1534624571, 0x5f5f63695f6c6173745f726567656e65726174657c693a313533343632343537313b),
('gt6pkeil9dtijg2fsodf2uc0i7jp3gm1', '::1', 1534624659, 0x5f5f63695f6c6173745f726567656e65726174657c693a313533343632343635393b),
('ugcd7qlo90ecos7nc85di2t9nfh3g8tf', '::1', 1534624687, 0x5f5f63695f6c6173745f726567656e65726174657c693a313533343632343638373b),
('9r21smndpvqqpr94r02emsase88lusd2', '::1', 1534624721, 0x5f5f63695f6c6173745f726567656e65726174657c693a313533343632343732313b),
('840msh5r6lf81tp0r5fgavuqabnak5lq', '::1', 1534624737, 0x5f5f63695f6c6173745f726567656e65726174657c693a313533343632343733373b),
('071lq128pjheh4dj7heq3m10g6651h9g', '::1', 1534624825, 0x5f5f63695f6c6173745f726567656e65726174657c693a313533343632343832353b),
('8lt3p35tchm6ei06r4ko9k9b0c59nh6f', '::1', 1534625003, 0x5f5f63695f6c6173745f726567656e65726174657c693a313533343632353030333b),
('i9fcqm8fi4sep04b666mvna08po6khl6', '::1', 1534625030, 0x5f5f63695f6c6173745f726567656e65726174657c693a313533343632353033303b),
('esedi9tq4s6dq99q91m6rvqadpr8og0t', '::1', 1534625054, 0x5f5f63695f6c6173745f726567656e65726174657c693a313533343632353035343b),
('1pu5f7uarfqqv9sr4r6u90bo3a75nbdj', '::1', 1534625064, 0x5f5f63695f6c6173745f726567656e65726174657c693a313533343632353036343b),
('i0qfk9l6t08jr27omesaginarvn8lcdq', '::1', 1534625077, 0x5f5f63695f6c6173745f726567656e65726174657c693a313533343632353037373b),
('ah45gcnvnrioc33vcpgv4lu86lqndl7e', '::1', 1534625093, 0x5f5f63695f6c6173745f726567656e65726174657c693a313533343632353039333b),
('5ikhcro3o47ddv30t6vivr2vh4bu9jjk', '::1', 1534625142, 0x5f5f63695f6c6173745f726567656e65726174657c693a313533343632353134323b),
('u6e07qrp0ji631b5i8erestdicm4l4rd', '::1', 1534625146, 0x5f5f63695f6c6173745f726567656e65726174657c693a313533343632353134363b),
('2tjonvsq3u1sn67ur9ft83g5sv2b66f3', '::1', 1534625186, 0x5f5f63695f6c6173745f726567656e65726174657c693a313533343632353138363b),
('761ogi75kdri2l96k7j4tppgj8b67evd', '::1', 1534625200, 0x5f5f63695f6c6173745f726567656e65726174657c693a313533343632353230303b),
('ioatqosdjvu37a0eamjhggpp2r57kja5', '::1', 1534625216, 0x5f5f63695f6c6173745f726567656e65726174657c693a313533343632353231363b),
('7dr20hgj1gvifivoq36uun4bvds9vqql', '::1', 1534625239, 0x5f5f63695f6c6173745f726567656e65726174657c693a313533343632353233393b),
('edgaarrc6drc6qqfu0rtgkmgtf06e74b', '::1', 1534625240, 0x5f5f63695f6c6173745f726567656e65726174657c693a313533343632353234303b),
('aq13lsh9dnb9uo9f0s7442s0nli4350d', '::1', 1534625352, 0x5f5f63695f6c6173745f726567656e65726174657c693a313533343632353335323b),
('8vmpmtadmgrsieqku4812jl51kuprd54', '::1', 1534625408, 0x5f5f63695f6c6173745f726567656e65726174657c693a313533343632353430383b),
('qs9t14tg4ibb9bu869tqb9l05elnfcvu', '::1', 1534625458, 0x5f5f63695f6c6173745f726567656e65726174657c693a313533343632353435383b),
('h2qglfjhdust7rdqp0e85srqnkbatbl8', '::1', 1534625458, 0x5f5f63695f6c6173745f726567656e65726174657c693a313533343632353435383b),
('gq8k4ue908tqjlk0p103pt89smcfucjv', '::1', 1534625551, 0x5f5f63695f6c6173745f726567656e65726174657c693a313533343632353535313b),
('q7t9eldcbj455iop6423qpa1js2v856a', '::1', 1534625574, 0x5f5f63695f6c6173745f726567656e65726174657c693a313533343632353537343b),
('oi75oi12gkbt20bgo1e6hdppd44vivk7', '::1', 1534625598, 0x5f5f63695f6c6173745f726567656e65726174657c693a313533343632353539383b),
('7t1qoop4t43qfjkptq49e8eq7e7vmg18', '::1', 1534625628, 0x5f5f63695f6c6173745f726567656e65726174657c693a313533343632353632383b),
('rk35qs10c0shj3nfi9ith069nieav7q1', '::1', 1534625650, 0x5f5f63695f6c6173745f726567656e65726174657c693a313533343632353635303b),
('cb9pt0ja5ssfa2ilm87jp7pbmdiff93b', '::1', 1534625737, 0x5f5f63695f6c6173745f726567656e65726174657c693a313533343632353733373b);

-- --------------------------------------------------------

--
-- Estrutura da tabela `historico_pessoa_chave`
--

CREATE TABLE `historico_pessoa_chave` (
  `id` int(11) NOT NULL,
  `id_chave` varchar(50) NOT NULL,
  `id_pessoa` int(11) NOT NULL,
  `data_inicial` timestamp NOT NULL DEFAULT CURRENT_TIMESTAMP,
  `data_devolucao` timestamp NULL DEFAULT NULL ON UPDATE CURRENT_TIMESTAMP
) ENGINE=InnoDB DEFAULT CHARSET=latin1;

--
-- Extraindo dados da tabela `historico_pessoa_chave`
--

INSERT INTO `historico_pessoa_chave` (`id`, `id_chave`, `id_pessoa`, `data_inicial`, `data_devolucao`) VALUES
(7, '55C', 1, '2018-08-17 20:36:16', NULL),
(8, '55B', 2, '2018-08-17 20:37:33', '2018-08-17 20:40:17'),
(9, '64', 2, '2018-08-18 20:01:07', '2018-08-18 20:03:47');

-- --------------------------------------------------------

--
-- Estrutura da tabela `pessoa`
--

CREATE TABLE `pessoa` (
  `id_pessoa` int(11) NOT NULL,
  `nome` varchar(200) NOT NULL
) ENGINE=InnoDB DEFAULT CHARSET=latin1;

--
-- Extraindo dados da tabela `pessoa`
--

INSERT INTO `pessoa` (`id_pessoa`, `nome`) VALUES
(1, 'pietro'),
(2, 'darlan'),
(3, 'arthur reis');

-- --------------------------------------------------------

--
-- Estrutura da tabela `pessoa_permissao_chave`
--

CREATE TABLE `pessoa_permissao_chave` (
  `id_pessoa` int(11) NOT NULL,
  `id_chave` varchar(50) NOT NULL
) ENGINE=InnoDB DEFAULT CHARSET=latin1;

--
-- Extraindo dados da tabela `pessoa_permissao_chave`
--

INSERT INTO `pessoa_permissao_chave` (`id_pessoa`, `id_chave`) VALUES
(2, '55B'),
(2, '55C');

-- --------------------------------------------------------

--
-- Estrutura da tabela `tag`
--

CREATE TABLE `tag` (
  `id_chave` varchar(50) NOT NULL,
  `tag_name` varchar(100) NOT NULL
) ENGINE=InnoDB DEFAULT CHARSET=latin1;

--
-- Extraindo dados da tabela `tag`
--

INSERT INTO `tag` (`id_chave`, `tag_name`) VALUES
('55B', 'EJCOMP'),
('55B', 'EJOTINHA'),
('63', 'lapesca'),
('64', 'LAPESA');

-- --------------------------------------------------------

--
-- Estrutura da tabela `user`
--

CREATE TABLE `user` (
  `login_user` varchar(200) NOT NULL,
  `password_user` varchar(255) NOT NULL,
  `id_user` int(11) NOT NULL,
  `last_login_user` timestamp NOT NULL DEFAULT CURRENT_TIMESTAMP,
  `active` int(11) NOT NULL
) ENGINE=InnoDB DEFAULT CHARSET=latin1;

--
-- Extraindo dados da tabela `user`
--

INSERT INTO `user` (`login_user`, `password_user`, `id_user`, `last_login_user`, `active`) VALUES
('darlan', '80771d8a0379927ab8e930247e35cba0', 1, '2018-08-17 18:58:34', 0);

--
-- Indexes for dumped tables
--

--
-- Indexes for table `chave`
--
ALTER TABLE `chave`
  ADD PRIMARY KEY (`id_chave`);

--
-- Indexes for table `ci_sessions`
--
ALTER TABLE `ci_sessions`
  ADD KEY `ci_sessions_timestamp` (`timestamp`);

--
-- Indexes for table `historico_pessoa_chave`
--
ALTER TABLE `historico_pessoa_chave`
  ADD PRIMARY KEY (`id`),
  ADD KEY `fk_chave_drrr` (`id_chave`),
  ADD KEY `fk_pessoa_drrr` (`id_pessoa`);

--
-- Indexes for table `pessoa`
--
ALTER TABLE `pessoa`
  ADD PRIMARY KEY (`id_pessoa`);

--
-- Indexes for table `pessoa_permissao_chave`
--
ALTER TABLE `pessoa_permissao_chave`
  ADD PRIMARY KEY (`id_pessoa`,`id_chave`),
  ADD KEY `fk_chaaaq` (`id_chave`);

--
-- Indexes for table `tag`
--
ALTER TABLE `tag`
  ADD PRIMARY KEY (`id_chave`,`tag_name`);

--
-- Indexes for table `user`
--
ALTER TABLE `user`
  ADD PRIMARY KEY (`id_user`);

--
-- AUTO_INCREMENT for dumped tables
--

--
-- AUTO_INCREMENT for table `historico_pessoa_chave`
--
ALTER TABLE `historico_pessoa_chave`
  MODIFY `id` int(11) NOT NULL AUTO_INCREMENT, AUTO_INCREMENT=10;

--
-- AUTO_INCREMENT for table `pessoa`
--
ALTER TABLE `pessoa`
  MODIFY `id_pessoa` int(11) NOT NULL AUTO_INCREMENT, AUTO_INCREMENT=4;

--
-- AUTO_INCREMENT for table `user`
--
ALTER TABLE `user`
  MODIFY `id_user` int(11) NOT NULL AUTO_INCREMENT, AUTO_INCREMENT=2;

--
-- Constraints for dumped tables
--

--
-- Limitadores para a tabela `historico_pessoa_chave`
--
ALTER TABLE `historico_pessoa_chave`
  ADD CONSTRAINT `fk_chave_drrr` FOREIGN KEY (`id_chave`) REFERENCES `chave` (`id_chave`),
  ADD CONSTRAINT `fk_pessoa_drrr` FOREIGN KEY (`id_pessoa`) REFERENCES `pessoa` (`id_pessoa`);

--
-- Limitadores para a tabela `pessoa_permissao_chave`
--
ALTER TABLE `pessoa_permissao_chave`
  ADD CONSTRAINT `fk_chaaaq` FOREIGN KEY (`id_chave`) REFERENCES `chave` (`id_chave`),
  ADD CONSTRAINT `fk_chave_pess` FOREIGN KEY (`id_pessoa`) REFERENCES `pessoa` (`id_pessoa`);

--
-- Limitadores para a tabela `tag`
--
ALTER TABLE `tag`
  ADD CONSTRAINT `fk_chave_qweqwe` FOREIGN KEY (`id_chave`) REFERENCES `chave` (`id_chave`);
COMMIT;

/*!40101 SET CHARACTER_SET_CLIENT=@OLD_CHARACTER_SET_CLIENT */;
/*!40101 SET CHARACTER_SET_RESULTS=@OLD_CHARACTER_SET_RESULTS */;
/*!40101 SET COLLATION_CONNECTION=@OLD_COLLATION_CONNECTION */;
